-- phpMyAdmin SQL Dump
-- version 5.0.2
-- https://www.phpmyadmin.net/
--
-- Host: 127.0.0.1
-- Generation Time: Mar 08, 2022 at 09:16 AM
-- Server version: 10.4.13-MariaDB
-- PHP Version: 7.4.8

SET SQL_MODE = "NO_AUTO_VALUE_ON_ZERO";
START TRANSACTION;
SET time_zone = "+00:00";


/*!40101 SET @OLD_CHARACTER_SET_CLIENT=@@CHARACTER_SET_CLIENT */;
/*!40101 SET @OLD_CHARACTER_SET_RESULTS=@@CHARACTER_SET_RESULTS */;
/*!40101 SET @OLD_COLLATION_CONNECTION=@@COLLATION_CONNECTION */;
/*!40101 SET NAMES utf8mb4 */;

--
-- Database: `mycms`
--

-- --------------------------------------------------------

--
-- Table structure for table `comments`
--

CREATE TABLE `comments` (
  `id` int(6) NOT NULL,
  `username` varchar(45) COLLATE utf8_persian_ci NOT NULL,
  `content` text COLLATE utf8_persian_ci NOT NULL,
  `date` varchar(11) COLLATE utf8_persian_ci NOT NULL
) ENGINE=InnoDB DEFAULT CHARSET=utf8 COLLATE=utf8_persian_ci;

--
-- Dumping data for table `comments`
--

INSERT INTO `comments` (`id`, `username`, `content`, `date`) VALUES
(3, 'sajjad', '<p>سلام به به عجب سایتی&nbsp;</p>\r\n\r\n<p>حال کردم بخدا&nbsp;</p>\r\n', '1646673408'),
(7, 'sajjad', '<p>سلام&nbsp; خیلی مرسی&nbsp;</p>\r\n', '1646674203'),
(8, 'sajjad', '<p>سلام&nbsp; خیلی مرسی&nbsp;</p>\r\n', '1646674235'),
(9, 'sajjad', '<p>سلام&nbsp; خیلی مرسی&nbsp;</p>\r\n', '1646674469'),
(10, 'sajjad', '<p>سلام&nbsp; خیلی مرسی&nbsp;</p>\r\n', '1646674490'),
(11, 'sajjad', '<p>سلام&nbsp; خیلی مرسی&nbsp;</p>\r\n', '1646674546'),
(12, 'sajjad', '', '');

-- --------------------------------------------------------

--
-- Table structure for table `menu`
--

CREATE TABLE `menu` (
  `id` int(11) NOT NULL,
  `title` varchar(225) COLLATE utf8_persian_ci NOT NULL,
  `sort` int(11) NOT NULL,
  `status` int(11) NOT NULL
) ENGINE=InnoDB DEFAULT CHARSET=utf8 COLLATE=utf8_persian_ci;

--
-- Dumping data for table `menu`
--

INSERT INTO `menu` (`id`, `title`, `sort`, `status`) VALUES
(30, 'آموزش بوکس', 1, 1),
(31, 'ارتباط با ما', 2, 1);

-- --------------------------------------------------------

--
-- Table structure for table `post`
--

CREATE TABLE `post` (
  `id` int(11) NOT NULL,
  `title` varchar(255) COLLATE utf8_persian_ci NOT NULL,
  `image` varchar(255) COLLATE utf8_persian_ci NOT NULL,
  `content` text COLLATE utf8_persian_ci NOT NULL,
  `tag` varchar(65) COLLATE utf8_persian_ci NOT NULL,
  `writter` varchar(20) COLLATE utf8_persian_ci NOT NULL,
  `date` varchar(11) COLLATE utf8_persian_ci NOT NULL
) ENGINE=InnoDB DEFAULT CHARSET=utf8 COLLATE=utf8_persian_ci;

--
-- Dumping data for table `post`
--

INSERT INTO `post` (`id`, `title`, `image`, `content`, `tag`, `writter`, `date`) VALUES
(58, 'زندگی نامه مایک تایسون ', 'https://s6.uupload.ir/files/mike_800x500_(1)_y8db.jpg', '<p>مایکل جرارد تایسون در ۳۰ ژوئن ۱۹۶۶ در براونویل، بروکلین، نیویورک متولد شد. او یک برادر بزرگتر به نام رودنی دارد (متولد ۱۹۶۱) و یک خواهر بزرگتر به نام دنیس داشت که در فوریه ۱۹۹۰ در اثر حمله قلبی در ۲۴ سالگی درگذشت. پدر بیولوژیکی تایسون در شناسنامه اش به عنوان &quot;Purcell Tyson&quot; (که از جامائیکا بود) ذکر شده است، اما مردی که تایسون به عنوان پدرش شناخته شده بود جیمی کرکپاتریک بود. کرکپاتریک از گایر تاون، کارولینای شمالی (محله ای عمدتاً سیاه که به شهر شارلوت ضمیمه شده بود) بود، جایی که او یکی از برترین بازیکنان بیس بال آن محله بود. کرکپاتریک ازدواج کرد و یک فرزند پسر متولد شد بنام جیمی لی کرکپاتریک، نیمه برادر تایسون، که به بازی او در تیم فوتبال دبیرستان شارلوت در سال ۱۹۶۵ کمک می کند. در سال ۱۹۵۹، جیمی کرکپاتریک خانواده خود را ترک کرد و به بروکلین رفت و در آنجا با مادر تایسون، لورنا مای (اسمیت) تایسون آشنا شد. کرکپاتریک مرتباً در سالن های استخر، قمار می کرد و در خیابان ها ولو می شد. تایسون گفت: &quot;پدر من فقط یک مرد معمولی در خیابان بود که در دنیای خیابان ها گرفتار شد&quot;. کیرکپاتریک در حدود زمان تولد مایک، مادر و خانواده تایسون را رها کرد و مادر تایسون به تنهایی از فرزندان مراقبت کرد. کرکپاتریک در سال ۱۹۹۲ در گذشت.</p>\r\n\r\n<p>این خانواده در بدفورد-استویوزانت زندگی می کردند تا اینکه هنگامی که تایسون ۱۰ ساله بود فشار مالی آنها ملزم به نقل مکان به براونزویل کرد. مادر تایسون شش سال بعد درگذشت، و سرپرستی تایسون ۱۶ ساله را به مدیر بوکس و مربی Cus D&#39;Amato که سرپرست قانونی وی بود، واگذار کرد. تایسون بعداً گفت، &quot;من هرگز مادرم را از دیدنم خوشحال و مفتخر نکردم: او فقط من را به عنوان یک بچه وحشی که در خیابان ها می پلکیدم، می دانست و با لباس های جدیدی به خانه می آمد که می دانست که من هزینه آن را نمی&zwnj;پردازم. هیچ وقت فرصتی برای صحبت با او یا اطلاع از او پیدا نمی&zwnj;کردید. از نظر حرفه ای، هیچ تاثیری ندارد، اما از نظر عاطفی و شخصی نیز خرد می شود.</p>\r\n\r\n<p>در تمام دوران کودکی، تایسون در محله های اطراف پر از جرایم بسیار زیاد زندگی می کرد. طبق مصاحبه ای، اولین دعوای وی با جوانی بزرگتر انجام شده بود که سر یکی از کبوترهای&nbsp;<a href=\"https://fa.wikipedia.org/wiki/%D8%AA%D8%A7%DB%8C%D8%B3%D9%88%D9%86_%D9%81%DB%8C%D9%88%D8%B1%DB%8C\">تایسون</a>&nbsp;را کنده بود. تایسون بارها دستگیر شد و مرتکب جنایات کوچک و نبرد با کسانی شد که صدای بلند او را مسخره می کردند. در سن ۱۳ سالگی، ۳۸ بار دستگیر شده بود. او تحصیل را مدرسه پسران در تریون، جانستاون، نیویورک به پایان رسانید. توانایی و استعداد&nbsp;<a href=\"https://fa.wikipedia.org/wiki/%D8%A8%D9%88%DA%A9%D8%B3\">بوکس</a>&nbsp;تایسون در آنجا توسط بابی استوارت، مشاور بازداشتگاه نوجوان و بوکسور سابق کشف شد. استوارت تایسون را به عنوان یک مبارز برجسته در نظر گرفت و چند ماه قبل از معرفی وی به کاس داماتو، او را آموزش داد. تایسون از دبیرستان به عنوان اینکه به سن جوانی رسیده بود اخراج شد. وی در سال ۱۹۸۹ دکترای افتخاری در &quot;نامه های انسانی&quot; را از دانشگاه ایالتی مرکزی دریافت کرد. کوین رونی (Kevin Rooney) بوکسور سابق و مربی نامدار تایسون را آموزش داد، و گاهی اوقات توسط تدی اطلس نیز به او کمک می کرد، اگرچه اطلس در ۱۵ سالگی توسط D&#39;Amato برکنار شد. کوین رونی سرانجام تمام وظایف آموزشی این جنگنده جوان را بر عهده گرفت.</p>\r\n\r\n<h2>دوره آماتوری</h2>\r\n\r\n<p>تایسون به عنوان آماتور، در بازیهای المپیک جوانان ۱۹۸۱ و ۱۹۸۲ موفق به کسب مدال های طلا شد، در سال ۱۹۸۱ &laquo;و کورتز&raquo; را شکست داد و &quot;کلتون براون&quot; را در سال ۱۹۸۲ شکست داد. او دو بار به عنوان آماتور با&nbsp;<a href=\"https://fa.wikipedia.org/wiki/%D9%87%D9%86%D8%B1%DB%8C_%D8%AA%DB%8C%D9%84%D9%85%D9%86\">هنری تیلمن</a>&nbsp;(Henry Tillman) جنگید و هر دو را با رای داوران باخت. تیلمن در المپیک تابستانی ۱۹۸۴ لس آنجلس موفق به کسب3 طلای سنگین وزن شد.</p>\r\n\r\n<h2>قدم در راه ستاره شدن</h2>\r\n\r\n<p>تایسون اولین مسابقه حرفه ای خود را در ۱۸ سالگی در ۶ مارس ۱۹۸۵ در آلبانی نیویورک انجام داد. او از با ناک اوت فنی در راند اول هکتور مرسدس را شکست داد. او در سال اول خود به عنوان حرفه ای ۱۵ مبارزه داشت. تایسون در مبارزه های مکررش، ۲۶ مبارزه از ۲۸ مبارزه اول خود را با ناک اوت یا ناک اوت فنی پیروز شد. ۱۶ نفر از آنها در راند اول ناک اوت شدند. دایره حریفان وی به تدریج به حریفان گذری و مدعیان فرا مرزی افزایش یافت، حریفانی مانند&nbsp;<a href=\"https://fa.wikipedia.org/wiki/%D8%AC%DB%8C%D9%85%D8%B2_%D8%AA%DB%8C%D9%84%DB%8C%D8%B3\">جیمز تیلیس</a>،&nbsp;<a href=\"https://fa.wikipedia.org/wiki/%D8%AF%DB%8C%D9%88%DB%8C%D8%AF_%D8%AC%D8%A7%DA%A9%D9%88\">دیوید ژاکو</a>، جس فرگوسن، میچ گرین و مارویس فرازیر. خط پیروزی وی توجه رسانه ها را به خود جلب کرد و تایسون به عنوان قهرمان بزرگ بعدی سنگین وزن معرفی شد. داماتو (D&#39;Amato) در نوامبر ۱۹۸۵ در اوایل زندگی حرفه ای تایسون درگذشت، برخی تصور می کنند که مرگ او عامل اصلی بسیاری از مشکلاتی بود که تایسون با پیشرفت زندگی و حرفه خود تجربه کرد.</p>\r\n\r\n<p>اولین دوره تلویزیونی ملی تایسون در ۱۶ فوریه ۱۹۸۶ در هیوستون فیلد هاوس در تروی، نیویورک در برابر جسی فرگوسن، برگزار شد و توسط ABC Sports پوشش داده شد. تایسون در راند پنجم فرگوسن را با یک ضربه آپرکات و شکستن بینی او ناک داون کرد. در راند ششم، فرگوسن در تلاش آشکار برای جلوگیری از خوردن ضربات بیشتر، شروع به نگه داشتن و مهار تایسون کرد. داور بعد از چندین بار توصیه به فرگوسن برای اطاعت از دستورات خود برای ترغیب او بهبوکس، در نهایت مبارزه را نزدیک به میانه راند ششم متوقف کرد. در ابتدا این مبارزه با رد صلاحیت (DQ) حریف برای تایسون حکم داده شد. پس از اعتراض گوشه تایسون، این حکم با ناک اوت فنی (TKO) به پیروزی &quot;تغییر یافت&quot;.</p>\r\n\r\n<p>در ماه ژوئیه همان سال، پس از ثبت شش پیروزی با ناک اوت دیگر، تایسون با مارویس فرازیر، رقیب سابق عنوان قهرمانی جهان در گلنس فالز، نیویورک در یکی دیگر از پخش های مستقیم ABC Sports، مبارزه کرد. تایسون به راحتی پیروز شد و در زنگ شروع بازی فرازیر را با یک ضربه شدید آپرکات در ثانیه ۳۰ام مبارزه، انداخت.</p>\r\n\r\n<p>در ۲۲ نوامبر ۱۹۸۶، تایسون به عنوان اولین مبارزه خود، فرصت مبارزه در برابر&nbsp;<a href=\"https://fa.wikipedia.org/wiki/%D8%AA%D8%B1%D9%88%D9%88%D8%B1_%D8%A8%D8%B1%D8%A8%DB%8C%DA%A9\">تروور بربیک</a>&nbsp;برای مسابقات قهرمانی سنگین وزن شورای جهانی بوکس (WBC) را بدست آورد. تایسون در راند دوم رای ناک اوت فنی (TKO) را به گرفت و در سن ۲۰ سال و ۴ ماه جوانترین قهرمان سنگین وزن در تاریخ شد. عملکرد غالب تایسون تحسین های بسیاری را به همراه داشت. دونالد ساندرز نوشت: &quot;هنر نجیب و مردانه بوکس می تواند حداقل از نگرانی در مورد آینده نزدیک خود رها شود، حالا [که] قهرمان سنگینی وزن پیدا کرده که میتواند در کنار دمپسی، تونی، لوئی، مارچیانو و علی بایستد&quot; (اشاره به اساطیر بوکس سنگین وزن).</p>\r\n\r\n<p>تایسون تمامی بوکسورهای قدر ها را با قدرت خود مرعوب کرد و همراه با سرعت فوق العاده دست، دقت، هماهنگی و زمان بندی بود. تایسون همچنین توانایی های قابل توجه دفاعی داشت و با سبک خاصی که مربیش کاس داماتو آموزش داده بود، جلوی ضربات حریف خود پوشش دهد. تکنیک ضربات انفجاری (پانچ) تایسون در ضربات هوک یا آپرکات، نقش بزرگی در خرد کردن حریفان تایسون داشت: این به شالوده پاهای او اجازه می داد تا قدرت را به پانچ اضافه کند. در میان حرکاتی که شاید بتوان گفت این ضربه و تکنیک در اصل &quot;امضای&quot; حرفه ای تایسون است، ترکیب هوک راست و آپرکات راست به چانه حریف بود. با ترکیب این دو ضربه تایسون توانست&nbsp;<a href=\"https://fa.wikipedia.org/w/index.php?title=%D9%84%D9%88%D8%B1%D9%86%D8%B2%D9%88_%D8%A8%D9%88%DB%8C%D8%AF&amp;action=edit&amp;redlink=1\">لورنزو بوید</a>&nbsp;(Lorenzo Boyd)،&nbsp;<a href=\"https://fa.wikipedia.org/wiki/%D8%AC%D8%B3%DB%8C_%D9%81%D8%B1%DA%AF%D9%88%D8%B3%D9%86\">جسی فرگوسن</a>&nbsp;(Jesse Ferguson) و&nbsp;<a href=\"https://fa.wikipedia.org/w/index.php?title=%D8%AE%D9%88%D8%B2%D9%87_%D8%B1%DB%8C%D8%A8%D8%A7%D9%84%D8%AA%D8%A7&amp;action=edit&amp;redlink=1\">خوزه ریبالتا</a>&nbsp;(Jos&eacute; Ribalta) را ناک داون کرد.</p>\r\n\r\n<h2>قهرمان بلامنازع</h2>\r\n\r\n<p>انتظارات از تایسون بسیار زیاد بود، و او برای پیروزی در سری مسابقه های اتحادیه برای رده سنگین سنگین وزن آماده بود، تورنمنتی که بدون شک برای ساختن یک قهرمان سنگین وزن طراحی شده بود. تایسون در ۷ مارس ۱۹۸۷ در لاس وگاس، نوادا از عنوان خود در برابر&nbsp;<a href=\"https://fa.wikipedia.org/wiki/%D8%AC%DB%8C%D9%85%D8%B2_%D8%A7%D8%B3%D9%85%DB%8C%D8%AA_(%D8%A8%D9%88%DA%A9%D8%B3%D9%88%D8%B1)\">جیمز اسمیت</a>&nbsp;دفاع کرد. وی با به اتفاق آرا برنده شد و عنوان انجمن جهانی بوکس جهانی (WBA) اسمیت را به کمربند موجود خود اضافه کرد. وی در در ماه مه ناک اوت فنی و در راند ششم&nbsp;<a href=\"https://fa.wikipedia.org/wiki/%D9%BE%DB%8C%D9%86%DA%A9%D9%84%D9%88%D9%86_%D8%AA%D9%88%D9%85%D8%A7%D8%B3\">پینکلون توماس</a>&nbsp;را شکست داد. در تاریخ ۱ اوت، وی عنوان فدراسیون بین&zwnj;المللی بوکس (IBF) تونی تاکر را در آرا دوجانبه دو طرفه ۱۱۹&ndash;۱۱۱، ۱۱۸&ndash;۱۱۳، و ۱۱۶&ndash;۱۱۲ از او گرفت. تایسون اولین سنگینی وزن شد که در یک زمان صاحب هر سه کمربند اصلی WBA ,WBC و IBF شد. نبرد دیگر، در اکتبر همان سال، با پیروزی تایسون در مقابل&nbsp;<a href=\"https://fa.wikipedia.org/wiki/%D8%AA%D8%A7%DB%8C%D8%B1%D9%84_%D8%A8%DB%8C%DA%AF%D8%B2\">تایرل بیگز</a>&nbsp;دارنده مدال طلای فوق سنگین وزن المپیک ۱۹۸۴، با ناک اوت در راند هفتم به پایان رسید.</p>\r\n\r\n<p>در این مدت، تایسون مورد توجه شرکت بازی سازی Nintendo قرار گرفت. پس از مشاهده یکی از دعواهای تایسون، مدیرعامل&nbsp;<a href=\"https://fa.wikipedia.org/wiki/%D9%86%DB%8C%D9%86%D8%AA%D9%86%D8%AF%D9%88\">نینتندو</a>&nbsp;آمریکا، مینورو آراکاوا تحت تأثیر &quot;قدرت و مهارت&quot; این جنگنده قرار گرفت و باعث شد وی از این پیشنهاد بخواهد تایسون را در پورت آینده سیستم نینتندو سرگرمی Punch Out قرار دهد! بازی با Punch-Out مایک تایسون در سال ۱۹۸۷ توسط نینتندو به بازار ارائه شد که با استقبال خوبی روبرو شد و بیش از یک میلیون نسخه فروخته شد.</p>\r\n\r\n<p>تایسون در سال ۱۹۸۸ سه مبارزه داشت. او در ۲۲ ژانویه ۱۹۸۸ با&nbsp;<a href=\"https://fa.wikipedia.org/wiki/%D9%84%D8%B1%DB%8C_%D9%87%D9%88%D9%84%D9%85%D8%B2\">لری هولمز</a>&nbsp;روبرو شد، قهرمان افسانه ای سابق با ناک اوت در راند چهارم شکست خورد. این تنها باخت با ناک اوتی بود که هولمز در طول ۷۵ دوره مسابقه حرفه ای خود متحمل شد. سپس در ماه مارس، تایسون با&nbsp;<a href=\"https://fa.wikipedia.org/wiki/%D8%AA%D9%88%D9%86%DB%8C_%D8%AA%D8%A7%D8%A8%D8%B3\">تونی توبس</a>&nbsp;در&nbsp;<a href=\"https://fa.wikipedia.org/wiki/%D8%AA%D9%88%DA%A9%DB%8C%D9%88\">توکیوی</a>&nbsp;ژاپن به رقابت پرداخت و در پیروزی آسان طی ناک اوت در راند دوم در میان کارهای تبلیغاتی و بازاریابی قرار گرفت.</p>\r\n\r\n<p>در تاریخ ۲۷ ژوئن ۱۹۸۸، تایسون با&nbsp;<a href=\"https://fa.wikipedia.org/wiki/%D9%85%D8%A7%DB%8C%DA%A9%D9%84_%D8%A7%D8%B3%D9%BE%DB%8C%D9%86%DA%A9%D8%B2\">مایکل اسپینکز</a>&nbsp;روبرو شد. مدافعان بوکس پیش بینی یک مبارزه سبک مبارزه تایتانیک بودند، در حالی که درگیری تهاجمی تایسون با مهارت ها و تکنیک های اسپینکز در تضاد بود. این مبارزه پس از ۹۱ ثانیه پایان یافت که تایسون در راند اول اسپینکز را پشت سر گذاشت. بسیاری این را اوج شهرت و توانایی بوکس تایسون می دانند.</p>\r\n\r\n<h2>محکوم به تجاوز، زندان و تغییر</h2>\r\n\r\n<p>تایسون در ژوئیه سال ۱۹۹۱ به جرم تجاوز به دختری ۱۸ ساله بنام دزیره واشینگتون در جزیره میس بلک رود، در اتاق هتلی در ایندیاناپولیس، دستگیر شد. دادگاه تجاوز جنسی تایسون از ۲۶ ژانویه تا ۱۰ فوریه ۱۹۹۲ در دادگاه عالی شهرستان ماریون صورت گرفت.</p>\r\n\r\n<p>تأیید جزئی از داستان واشنگتن از طریق شهادت راننده تایسون، ویرجینیا فاستر، که وضعیت شوک دزیره واشنگتن را پس از این واقعه تأیید کرد، صورت گرفت. شهادت بیشتر از توماس ریچاردسون، پزشک اورژانس که بیش از ۲۴ ساعت پس از این حادثه واشنگتن را معاینه کرد و تأیید کرد که وضعیت جسمی واشنگتن با تجاوز سازگار است.</p>\r\n\r\n<p>تحت بررسی مستقیم وینسنت جی. فولر، وکیل مدافع، تایسون ادعا کرد که همه چیز با رضایت کامل واشنگتن اتفاق افتاده است و او ادعا کرده است که وی را مجبور نکرده است. هنگامی که وی توسط دادستان ارشد گریگوری گاریسون مورد بازرسی قرار گرفت، تایسون ادعاهای مبنی بر گمراه کردن واشنگتن را رد کرد و اصرار داشت که او می خواست با او رابطه جنسی داشته باشد. تایسون در تاریخ ۱۰ فوریه ۱۹۹۲ پس از جلسه رای&nbsp;<a href=\"https://fa.wikipedia.org/wiki/%D9%87%DB%8C%D8%A6%D8%AA_%D9%85%D9%86%D8%B5%D9%81%D9%87\">هیئت منصفه</a>&nbsp;که ۱۰ ساعت به طول انجامید، مایک تایسون به دلیل اتهام تجاوز به عنف، محکوم شد.</p>\r\n\r\n<p>آلن دوروویتز با ایفای مشاور تایسون، دادخواست تجدیدنظر در مورد محکومیت را به دادگاه ارائه کرد و با استناد به سابقه رفتارهای جنسی گذشته مقتول، محرومیت از سه شاهد بالقوه و عدم وجود دستورالعمل هیئت منصفه به اشتباه صادقانه و معقول از پرونده صادر کرد. دادگاه تجدید نظر ایندیانا رای به محکومیت تایسون داد.</p>\r\n\r\n<p>در ۲۶ مارس ۱۹۹۲، تایسون به شش سال زندان به همراه چهار سال حکم مشروط محکوم شد. علی&zwnj;رغم اینکه در زمان وقوع جنایت ۲۵ سال سن داشت، در آوریل ۱۹۹۲ به مرکز باز پروری جوانان ایندیانا (در حال حاضر مرکز اصلاحات Plainfield) فرستاده شد و در مارس ۱۹۹۵ پس از گذراندن کمتر از سه سال از شش سال محکومیتش از زندان آزاد شد.</p>\r\n', 'مایک تایسون , بوکس حرفه ایی ,', 'سجاد دشتبان', '164659161'),
(78, 'زندگی نامه محمد علی کلی', 'https://s6.uupload.ir/files/محمدعلی-کلی_800x500_eu36.jpg', '<p>محمد علی (به انگلیسی: Muhammad Ali) با نام قبلی کاسیوس مارسلوس کِلِی، جونیور (به انگلیسی: Cassius Marcellus Clay, Jr.) (در ایران مشهور به محمد علی کلِی) (زاده ۱۷ ژانویه ۱۹۴۲ کنتاکی &ndash; درگذشتهٔ ۳ ژوئن ۲۰۱۶ لویی ویل، کنتاکی) بوکسور حرفه&zwnj;ای سنگین&zwnj;وزن آمریکایی بود که به عنوان برترین مشت&zwnj;زن تاریخ&nbsp;<strong><a href=\"https://www.beytoote.com/sport/public-sport/difference8-cupcake-boxing.html\" target=\"_blank\">بوکس</a></strong>&nbsp;در این وزن و نیز یکی از مهم&zwnj;ترین و برترین شخصیت&zwnj;های ورزشی قرن بیستم شناخته می&zwnj;شود.</p>\r\n\r\n<p>&nbsp;</p>\r\n\r\n<p>او به عنوان یک فعال مدنی و چهره&zwnj;ای الهام بخش، جنجالی و چالش&zwnj;برانگیز در داخل و خارج رینگ بوکس شناخته شده&zwnj;است.</p>\r\n\r\n<p>&nbsp;</p>\r\n\r\n<p>در زندگینامه ی&nbsp;<em>محمدعلی کلی</em>&nbsp;اینگونه آمده است که : کاسیوس مارسلوس کلی (<em>محمدعلی کلی</em>) در تاریخ ۱۷ ژانویه ۱۹۴۲ در لویی ویل، بزرگ ترین شهر در ایالت کنتاکی آمریکا به دنیا آمد. شغل پدرش تابلونویسی بود. کاسیوس زمانی که ۱۲ ساله بود به افسر پلیسی اطلاع داد که دوچرخه اش سرقت شده است و گفت اگر دزد را بیابد، حتما حقش را می گیرد. آن افسر که جو مارتین نام داشت در یک باشگاه کوچک محلی به کودکان بوکس آموزش می داد. به همین دلیل به او گفت اگر دوست دارد با دزد مبارزه کند، بهتر است که ابتدا بوکس را یاد بگیرد.</p>\r\n\r\n<p>&nbsp;</p>\r\n\r\n<p>این گونه بود که خیلی زود وارد رینگ بوکس شد. این کودک ۱۲ ساله با سرعت تحت نظر مارتین مربی خود، در یادگیری بوکس پیشرفت چشمگیری کرد. زمانی که وارد دبیرستان شد، در کنتاکی، موفق شد ۶ عنوان را به دست آورد. به خاطر کسب این افتخارات مسئولین مدرسه نمرات و وضعیت ضعیف درسی او را نادیده گرفتند و مدرک فارغ التحصیلی را صادر کردند.</p>\r\n\r\n<p>&nbsp;</p>\r\n\r\n<p><strong>آغاز زندگی ورزشی&nbsp;</strong><strong>محمد علی کلی:</strong></p>\r\n\r\n<p>در بازی&zwnj;های المپیک تابستانی ۱۹۶۰ رم او مدال طلای بوکس آماتور در رده سبکِ سنگین&zwnj;وزن را کسب کردو سپس بعد از آن آموزش بوکس حرفه&zwnj;ای را زیر نظر آنجلو داندی ادامه داد و هم&zwnj;زمان در همان سال&zwnj;ها بود که عقاید مذهبی خود را بروز داد. ضمن اینکه نتایج دور از انتظار و خیره&zwnj;کننده او در مسابقات، و روحیه خستگی ناپذیرش موجب شده بود تا لقب مشت زن لویی ویل را از آن خود کند.</p>\r\n\r\n<p>&nbsp;</p>\r\n\r\n<p>در ۲۹ اکتبر ۱۹۶۰ در لوییس ویل، کاسیوس کلی در اولین مسابقه حرفه&zwnj;ای خود در ۶ راند توانست بر تونی هونساکر که رئیس پلیس فایتویل ویرجینیای شرقی بود پیروز شود.</p>\r\n\r\n<p>&nbsp;</p>\r\n', 'بوکس, محمد علی کلی,  مشت زنی , قهرمان,', 'سجاد دشتبان', '1646725951'),
(79, 'بیوگرافی فلوید میودر', 'https://s6.uupload.ir/files/feod_800x500_tts3.jpg', '<p><strong>فلوید می&zwnj;ودر</strong>&nbsp;(<a href=\"https://fa.wikipedia.org/wiki/%D8%B2%D8%A8%D8%A7%D9%86_%D8%A7%D9%86%DA%AF%D9%84%DB%8C%D8%B3%DB%8C\">انگلیسی</a>:&nbsp;Floyd Mayweather, Jr.) (زادهٔ ۲۴ فوریهٔ ۱۹۷۷) یک&nbsp;<a href=\"https://fa.wikipedia.org/wiki/%D8%A8%D9%88%DA%A9%D8%B3%D9%88%D8%B1\">بوکسور حرفه&zwnj;ای</a>&nbsp;اهل&nbsp;<a href=\"https://fa.wikipedia.org/wiki/%D8%A2%D9%85%D8%B1%DB%8C%DA%A9%D8%A7\">آمریکاست</a>&nbsp;که در تمام مسابقاتی که برگزار کرده&zwnj;است شکست&zwnj;ناپذیر بوده و از ۵۱ مسابقه خود ۵۰ پیروزی دارد.<br />\r\nوی دو بار تاکنون در سال&zwnj;های ۱۹۹۸ و ۲۰۰۷ توسط&nbsp;<a href=\"https://fa.wikipedia.org/wiki/%D9%85%D8%AC%D9%84%D9%87_%D8%B1%DB%8C%D9%86%DA%AF\">مجله رینگ</a>&nbsp;به عنوان بهترین مشت&zwnj;زن سال برگزیده شده&zwnj;است، وی همچنین در سال ۲۰۰۷ توسط کانون نویسندگان بوکس آمریکا (BWAA) به این عنوان رسید و تاکنون ۶ بار&nbsp;<a href=\"https://fa.wikipedia.org/w/index.php?title=%D8%AC%D8%A7%DB%8C%D8%B2%D9%87_%D8%A7%D8%B3%D9%BE%DB%8C&amp;action=edit&amp;redlink=1\">جایزه اسپی</a>&nbsp;را که توسط&nbsp;<a href=\"https://fa.wikipedia.org/wiki/%D8%A7%DB%8C%E2%80%8C%D8%A7%D8%B3%E2%80%8C%D9%BE%DB%8C%E2%80%8C%D8%A7%D9%86\">ای&zwnj;اس&zwnj;پی&zwnj;ان</a>&nbsp;اهدا می&zwnj;شود در سال&zwnj;های ۲۰۰۷، ۲۰۰۸، ۲۰۱۰، ۲۰۱۲، ۲۰۱۳ و ۲۰۱۴ کسب کرده&zwnj;است.<br />\r\nوی تا کنون دو بار در سال&zwnj;های ۲۰۱۲ و ۲۰۱۳ توسط&nbsp;<a href=\"https://fa.wikipedia.org/wiki/%D9%86%D8%B4%D8%B1%DB%8C%D9%87_%D8%A7%DB%8C%D9%84%D9%88%D8%B3%D8%AA%D8%B1%D8%A7%D8%AA%D8%AF\">نشریه ایلوستراتد</a>&nbsp;و سه بار در سال&zwnj;های ۲۰۱۲، ۲۰۱۳ و ۲۰۱۴ توسط&nbsp;<a href=\"https://fa.wikipedia.org/wiki/%D9%81%D9%88%D8%B1%D8%A8%D8%B2\">نشریه فوربز</a>&nbsp;بالاتر از&nbsp;<a href=\"https://fa.wikipedia.org/wiki/%DA%A9%D8%B1%DB%8C%D8%B3%D8%AA%DB%8C%D8%A7%D9%86%D9%88_%D8%B1%D9%88%D9%86%D8%A7%D9%84%D8%AF%D9%88\">کریستیانو رونالدو</a>،&nbsp;<a href=\"https://fa.wikipedia.org/wiki/%D9%84%D8%A8%D8%B1%D9%88%D9%86_%D8%AC%DB%8C%D9%85%D8%B2\">لبرون جیمز</a>،&nbsp;<a href=\"https://fa.wikipedia.org/wiki/%D9%84%DB%8C%D9%88%D9%86%D9%84_%D9%85%D8%B3%DB%8C\">لیونل مسی</a>&nbsp;و&nbsp;<a href=\"https://fa.wikipedia.org/wiki/%DA%A9%D9%88%D8%A8%DB%8C_%D8%A8%D8%B1%D8%A7%DB%8C%D8%A7%D9%86%D8%AA\">کوبی برایانت</a>&nbsp;به عنوان پردرامدترین ورزشکار سال معرفی شده&zwnj;است.<a href=\"https://fa.wikipedia.org/wiki/%D9%81%D9%84%D9%88%DB%8C%D8%AF_%D9%85%DB%8C%E2%80%8C%D9%88%D8%AF%D8%B1#cite_note-1\">[۱]</a><a href=\"https://fa.wikipedia.org/wiki/%D9%81%D9%84%D9%88%DB%8C%D8%AF_%D9%85%DB%8C%E2%80%8C%D9%88%D8%AF%D8%B1#cite_note-2\">[۲]</a><a href=\"https://fa.wikipedia.org/wiki/%D9%81%D9%84%D9%88%DB%8C%D8%AF_%D9%85%DB%8C%E2%80%8C%D9%88%D8%AF%D8%B1#cite_note-3\">[۳]</a><a href=\"https://fa.wikipedia.org/wiki/%D9%81%D9%84%D9%88%DB%8C%D8%AF_%D9%85%DB%8C%E2%80%8C%D9%88%D8%AF%D8%B1#cite_note-4\">[۴]</a>&nbsp;همچنین وی در سال ۲۰۱۴ توسط&nbsp;<a href=\"https://fa.wikipedia.org/wiki/%D9%86%D8%B4%D8%B1%DB%8C%D9%87_%D8%A7%DB%8C%D9%84%D9%88%D8%B3%D8%AA%D8%B1%D8%A7%D8%AA%D8%AF\">نشریه ایلوستراتد</a>&nbsp;پس از&nbsp;<a href=\"https://fa.wikipedia.org/wiki/%D9%84%D8%A8%D8%B1%D9%88%D9%86_%D8%AC%DB%8C%D9%85%D8%B2\">لبرون جیمز</a>،&nbsp;<a href=\"https://fa.wikipedia.org/wiki/%DA%A9%D8%B1%DB%8C%D8%B3%D8%AA%DB%8C%D8%A7%D9%86%D9%88_%D8%B1%D9%88%D9%86%D8%A7%D9%84%D8%AF%D9%88\">کریستیانو رونالدو</a>&nbsp;و&nbsp;<a href=\"https://fa.wikipedia.org/wiki/%D8%A7%D9%88%D8%B3%DB%8C%D9%86_%D8%A8%D9%88%D9%84%D8%AA\">اوسین بولت</a>&nbsp;به عنوان چهارمین ورزشکار کامل جهان معرفی شد.<a href=\"https://fa.wikipedia.org/wiki/%D9%81%D9%84%D9%88%DB%8C%D8%AF_%D9%85%DB%8C%E2%80%8C%D9%88%D8%AF%D8%B1#cite_note-5\">[۵]</a>&nbsp;وی در سال ۲۰۱۵ برای چهارمین بار از طرف مجله فوربس به عنوان پردرآمدترین سلبریتی دنیا انتخاب شد. درآمد وی در این سال بالغ بر ۳۰۰ میلیون دلار بوده&zwnj;است. آخرین مبارزه وی با کانر مک گروگر که به عنوان مبارزه قرن شناخته شد توانست در راند ۱۱ با ناک اوت پیروز شود.</p>\r\n\r\n<h2>&nbsp;</h2>\r\n', 'فلوید ,میودر,  بوکس, سنگین وزن ', 'رضا هاشمی', '1646726448'),
(80, 'بیوگرافی کانلو الوارز', 'https://s6.uupload.ir/files/canelo_800x500_zj93.jpg', '<p>&nbsp;کانلو الوارز (سانتوس سائول آلوارز باراگان)&nbsp; در 18 ژوئیه 1990&nbsp; (69/04/27 شمسی) در حومه گوادالاخارا ، جالیسکو ، مکزیک متولد شد.</p>\r\n\r\n<p>خانواده او از هشت فرزند بودند که کانلو&nbsp; کوچکترین کودک بود. او شش برادر و یک خواهر دارد. وی در مصاحبه ای اشاره کرد که خانواده اش در اصل اهل لس ریس ، میچوآکان هستند.<br />\r\nهنگامی که او 5 ساله بود ، خانواده اش به خانه فعلی خود در خواناکاتلان ، جالیسکو نقل مکان کردند.</p>\r\n\r\n<p>او پا به پای برادر بزرگتر خود ، ریگوبرتو آلوارز ، به بوکس رفت. همه برادران دیگر آلوارز نیز در بوکس حرفه ای شرکت کردند. دو برادر وی بوکسورهای سبک وزن رامون الوارز و ریکاردو آلوارز هستند.<br />\r\nالوارز سوارکاری را هنگام بزرگ شدن آموخت. نام مستعار او ، &ldquo;Canelo&rdquo; ، کلمه مردانه دارچین در اسپانیایی است.</p>\r\n\r\n<p>بیوگرافی کانلو الوارز</p>\r\n\r\n<p><img alt=\"بیوگرافی کانلو الوارز\" src=\"https://hzbclub.ir/wp-content/uploads/2021/05/canelo-Alvarez-wife-300x215.png\" style=\"height:215px; width:300px\" /></p>\r\n\r\n<p>خانواده و زندگی شخصی (بیوگرافی کانلو الوارز)</p>\r\n\r\n<p>او مدتی با شخصیت تلویزیونی مکزیک ، بازیگر و ماریسول گونزالس &lsquo;Miss Mexico Universe&rsquo; 2003 نامزد بود. کانلو&nbsp; از طریق یک دوست دختر سابق یک (دختر ) دارد.</p>\r\n\r\n<p><img alt=\"بیوگرافی کانلو الوارز\" src=\"https://hzbclub.ir/wp-content/uploads/2021/05/1201-300x300.jpg\" style=\"height:300px; width:300px\" /></p>\r\n\r\n<p>مسیر شغلی و حرفه :</p>\r\n\r\n<p><a href=\"https://fa.wikipedia.org/wiki/%D8%B3%D8%A7%D8%A6%D9%88%D9%84_%D8%A2%D9%84%D9%88%D8%A7%D8%B1%D8%B3\">الوارز</a>&nbsp;در حدود 13 سالگی وارد بوکس شد و سرانجام در مسابقات قهرمانی &lsquo;ملی پوشان مکزیک&rsquo; که در سال 2004 در سینالوآ برگزار شد ، مدال نقره گرفت. او سپس به عنوان قهرمان بوکس ملی پوشان مکزیک در سال 2005 ظاهر شد. اندکی پس از این ، او حرفه ای شد.</p>\r\n\r\n<p>حرفه ای :</p>\r\n\r\n<p>آلوارز از همان ابتدای کار حرفه ای خود ثابت کرد که یک بوکسور ماهر است. یکی پس از دیگری در مسابقات بازی می کند و برنده می شود. او مقابل بازیکنانی مانند میگل وازکز و فرانسیسکو ویلانوئوا پیروز شد اما برابر خورخه خوارز به تساوی رسید.</p>\r\n\r\n<p>اولین قهرمانی وی در حرفه قهرمانی هنگامی بود که بوکسور مکزیکی را ریکاردو کانو شکست داد و در 31 اوت 2007 قهرمان سبک وزن &ldquo;جالیسکو&rdquo; شد. او در 14 مارس 2008 موفق شد عنوان قهرمانی را در مقابل بوکسور مکزیکی فرانسیسکو ویلانوئوا حفظ کند.</p>\r\n\r\n<p>در 18 آوریل 2008 ، وی با غلبه بر گابریل مارتینز ، بوکسور مکزیکی ، قهرمان سبک وزن &lsquo;WBA Fedecentro&rsquo; شد. او سپس به حفظ عنوان ادامه داد.&nbsp; در 2 آگوست 2008 بوکسور آرژانتینی کارلوس آدان خیرز و رائول پینزون بوکسور کلمبیایی را در 5 دسامبر 2008 شکست داد.</p>\r\n\r\n<p>پیروزی :</p>\r\n\r\n<p>کانلو الوارز روند پیروزی خود را ادامه داد. و در 17 ژانویه 2009 ، با شکست آنتونیو فیچ ، بوکسور مکزیکی ، عناوین سبک وزن &lsquo;NABF&rsquo; و &lsquo;WBO Latino&rsquo; را کسب کرد. به دنبال این ، او یووری گونزالس بوکسور جمهوری دومنیکن را شکست داد تا عناوین سبک وزن &ldquo;NABF&rdquo; و &ldquo;WBO Latino&rdquo; را در 21 فوریه 2009 حفظ کند.</p>\r\n\r\n<p>سپس او موفق شد عنوان قهرمانی وزن سبک &ldquo;NABF&rdquo; را در چندین مورد دیگر حفظ کند. مانند مسابقات مقابل بوکسور برزیلی جفرسون گونسالو (در 6 ژوئن 2009) و بوکسور آمریکایی برایان کامچیس (در 6 مارس 2010).</p>\r\n\r\n<p>در همین حال ، او قهرمان سبک وزن &lsquo;WBC Youth&rsquo; شد. در 8 آگوست 2009 بوکسور روسی مارات خوزایف را شکست داد. او در 15 سپتامبر 2009 در مقابل کارلوس هررا بوکسور آرژانتینی عنوان را حفظ کرد.</p>\r\n\r\n<p><img alt=\"زندگینامه و بیوگرافی کانلو الوارز\" src=\"https://hzbclub.ir/wp-content/uploads/2021/05/canelo-alvarez-080219-getty-ftr_fj8hzboarjv31376vmmzzpjta-300x169.jpg\" style=\"height:169px; width:300px\" /></p>\r\n\r\n<p>عنواین قهرمانی:</p>\r\n\r\n<p>او در 10 ژوئیه 2010 با کسب عنوان سبک وزن WBC Silver در برابر بوکسور آرژانتینی لوکسانو لئونل کوئلو ، بوکسور دیگر بر روی کلاه خود اضافه کرد. وی در مسابقه ای مقابل کارلوس بالدومیر بوکسور آرژانتینی قهرمان سبک وزن سبک وزن &ldquo;WBC&rdquo; از این عنوان دفاع کرد.(در سپتامبر 18 ، 2010)&nbsp; همچنین در برابر بوکسور آفریقای جنوبی لاورمور ندو ، قهرمان سابق جهان (در 4 دسامبر 2010).</p>\r\n\r\n<p>به دنبال این ، او عنوان خالی وزن متوسط ​​سبک &ldquo;WBC&rdquo; را از آن خود کرد . در 5 مارس 2011 ، متیو هاتون ، بوکسور قهرمان سبک وزن &ldquo;اتحادیه بوکس اروپا&rdquo; (EBU) ، قهرمان سبک وزن را شکست داد. او در مسابقات برابر بوکسور رایان رودز ، چندین بار با موفقیت از این عنوان دفاع کرد. (در 18 ژوئن 2011) ، بوکسور مکزیکی آلفونسو گومز (در 17 سپتامبر 2011) و بوکسور آمریکایی Josesito L&oacute;pez (در 15 سپتامبر 2012).</p>\r\n\r\n<p>اولین ضرر کانلو الوارز در حرفه ای:</p>\r\n\r\n<p>سپس آلوارز به حفظ عنوان سبک وزن متوسط ​​&rdquo;WBC&rdquo; ادامه داد و &ldquo;WBA (Unified)&rdquo; و عناوین خالی وزن متوسط ​​&rdquo;Ring&rdquo; را از آن خود کرد و بوکسور آمریکایی Austin Trout را در تاریخ 20 آوریل 2013 شکست داد.<br />\r\nدر 14 سپتامبر 2013 ، آلوارز که از سوی مجله &ldquo;The Ring&rdquo; به عنوان &ldquo;سبک وزن متوسط&rdquo; و &ldquo;قهرمان&rdquo; ثابت &ldquo;WBC / WBA&rdquo; سبک وزن متوسط ​​شناخته شد. با فلوید می ودر جونیور بوکسور آمریکایی روبرو شد و کمربندهای خود را روی خط قرار داد ، الوارز عناوین سبک وزن &ldquo;WBA (متحد)&rdquo; ، &ldquo;WBC&rdquo; و &ldquo;The Ring&rdquo; را از دست داد. این همچنین اولین ضرر آلوارز در حرفه حرفه ای او بود.</p>\r\n\r\n<p>حفظ روحیه کانلو الوارز</p>\r\n\r\n<p>با این حال ، این باخت نتوانست روحیه جنگی الوارز را که قبل از پیروزی در &ldquo;حلقه&rdquo; و در مسابقات قهرمانی وزن متوسط ​​&rdquo;WBC&rdquo; در برابر میگل کوتو بوکسور پورتوریکیایی ، در سه مسابقه مقابل سه بوکسور مختلف پیروز شد ، به هم بزند. 21 نوامبر 2015. او در 7 مه 2016 با موفقیت از عناوین مقابل امیرخان بوکسور دفاع کرد. به دنبال این مبارزه ، او و تیمش گنادی گولووکین بوکسور قهرمان قزاقستان را در رده متوسط ​​دعوت کردند و در آینده به مبارزه بعدی پرداختند.</p>\r\n\r\n<p>کانلو الوارز عنوان &lsquo;WBC&rsquo; را در 18 مه 2016 خالی کرد و به زودی توسط &lsquo;WBC&rsquo; به Golovkin اهدا شد. سپس الوارز به سبک وزن سبک بازگشت و در 17 سپتامبر همان سال ، بوکسور انگلیسی لیام اسمیت را شکست داد تا برنده شود عنوان سبک وزن WBO سبک وزن.</p>\r\n', 'کانلو  ,بوکس   ,قهرمان , خانه بوکس کاشان,', 'نفیسه خاموش', '1646726394');

-- --------------------------------------------------------

--
-- Table structure for table `register`
--

CREATE TABLE `register` (
  `id` int(11) NOT NULL,
  `username` varchar(25) COLLATE utf8_persian_ci NOT NULL,
  `email` varchar(25) COLLATE utf8_persian_ci NOT NULL,
  `age` int(11) NOT NULL,
  `password` varchar(64) COLLATE utf8_persian_ci NOT NULL,
  `role` tinyint(1) NOT NULL DEFAULT 1
) ENGINE=InnoDB DEFAULT CHARSET=utf8 COLLATE=utf8_persian_ci;

--
-- Dumping data for table `register`
--

INSERT INTO `register` (`id`, `username`, `email`, `age`, `password`, `role`) VALUES
(4, 'sajjad', 's313dasht@gmail.com', 23, 'ce245834f602c2099a87e9f0080157ff', 1),
(42, 'gholam', 'reza@gmail.com', 80, '202cb962ac59075b964b07152d234b70', 1),
(50, 'نفیسه خاموش', 'nkh@gmail.com', 90, '202cb962ac59075b964b07152d234b70', 1),
(51, 'سهراب', 'sajjadcripto@gmail.com', 10, '202cb962ac59075b964b07152d234b70', 1);

-- --------------------------------------------------------

--
-- Table structure for table `view`
--

CREATE TABLE `view` (
  `id` bigint(100) NOT NULL,
  `post` int(11) NOT NULL
) ENGINE=InnoDB DEFAULT CHARSET=utf8 COLLATE=utf8_persian_ci;

--
-- Dumping data for table `view`
--

INSERT INTO `view` (`id`, `post`) VALUES
(1, 6),
(2, 58),
(3, 58),
(4, 58),
(5, 59),
(6, 59),
(7, 59),
(8, 59),
(9, 59),
(10, 59),
(11, 59),
(12, 59),
(13, 59),
(14, 59),
(15, 58),
(16, 58),
(17, 58),
(18, 58),
(19, 58),
(20, 58),
(21, 58),
(22, 58),
(23, 58),
(24, 58),
(25, 58),
(26, 58),
(27, 58),
(28, 58),
(29, 58),
(30, 58),
(31, 58),
(32, 58),
(33, 58),
(34, 58),
(35, 58),
(36, 58),
(37, 58),
(38, 58),
(39, 58),
(40, 58),
(41, 58),
(42, 58),
(43, 58),
(44, 58),
(45, 58),
(46, 58),
(47, 59),
(48, 59),
(49, 59),
(50, 60),
(51, 58),
(52, 58),
(53, 64),
(54, 58),
(55, 58),
(56, 59),
(57, 59),
(58, 58),
(59, 58),
(60, 58),
(61, 58),
(62, 58),
(63, 58),
(64, 58),
(65, 58),
(66, 58),
(67, 58),
(68, 58),
(69, 58),
(70, 58),
(71, 58),
(72, 58),
(73, 58),
(74, 58),
(75, 58),
(76, 58),
(77, 58),
(78, 58),
(79, 59),
(80, 59),
(81, 59),
(82, 59),
(83, 59),
(84, 59),
(85, 59),
(86, 59),
(87, 59),
(88, 59),
(89, 59),
(90, 58),
(91, 72),
(92, 72),
(93, 58),
(94, 58),
(95, 58),
(96, 58),
(97, 58),
(98, 58),
(99, 58),
(100, 58),
(101, 58),
(102, 73),
(103, 58),
(104, 58),
(105, 58),
(106, 58),
(107, 73),
(108, 58),
(109, 58),
(110, 58),
(111, 58),
(112, 58),
(113, 58),
(114, 58),
(115, 58),
(116, 58),
(117, 58),
(118, 58),
(119, 58),
(120, 58),
(121, 58),
(122, 58),
(123, 58),
(124, 58),
(125, 58),
(126, 58),
(127, 58),
(128, 58),
(129, 58),
(130, 58),
(131, 58),
(132, 58),
(133, 58),
(134, 58),
(135, 78),
(136, 79),
(137, 79),
(138, 78),
(139, 80),
(140, 58),
(141, 80),
(142, 80),
(143, 80);

-- --------------------------------------------------------

--
-- Table structure for table `writter`
--

CREATE TABLE `writter` (
  `id` int(11) NOT NULL,
  `name` varchar(35) COLLATE utf8_persian_ci NOT NULL
) ENGINE=InnoDB DEFAULT CHARSET=utf8 COLLATE=utf8_persian_ci;

--
-- Dumping data for table `writter`
--

INSERT INTO `writter` (`id`, `name`) VALUES
(1, 'رضا هاشمی'),
(2, 'سجاد دشتبان'),
(5, 'علی مرادی'),
(13, 'نفیسه خاموش');

--
-- Indexes for dumped tables
--

--
-- Indexes for table `comments`
--
ALTER TABLE `comments`
  ADD PRIMARY KEY (`id`);

--
-- Indexes for table `menu`
--
ALTER TABLE `menu`
  ADD PRIMARY KEY (`id`);

--
-- Indexes for table `post`
--
ALTER TABLE `post`
  ADD PRIMARY KEY (`id`);

--
-- Indexes for table `register`
--
ALTER TABLE `register`
  ADD PRIMARY KEY (`id`);

--
-- Indexes for table `view`
--
ALTER TABLE `view`
  ADD PRIMARY KEY (`id`);

--
-- Indexes for table `writter`
--
ALTER TABLE `writter`
  ADD PRIMARY KEY (`id`);

--
-- AUTO_INCREMENT for dumped tables
--

--
-- AUTO_INCREMENT for table `comments`
--
ALTER TABLE `comments`
  MODIFY `id` int(6) NOT NULL AUTO_INCREMENT, AUTO_INCREMENT=13;

--
-- AUTO_INCREMENT for table `menu`
--
ALTER TABLE `menu`
  MODIFY `id` int(11) NOT NULL AUTO_INCREMENT, AUTO_INCREMENT=33;

--
-- AUTO_INCREMENT for table `post`
--
ALTER TABLE `post`
  MODIFY `id` int(11) NOT NULL AUTO_INCREMENT, AUTO_INCREMENT=81;

--
-- AUTO_INCREMENT for table `register`
--
ALTER TABLE `register`
  MODIFY `id` int(11) NOT NULL AUTO_INCREMENT, AUTO_INCREMENT=52;

--
-- AUTO_INCREMENT for table `view`
--
ALTER TABLE `view`
  MODIFY `id` bigint(100) NOT NULL AUTO_INCREMENT, AUTO_INCREMENT=144;

--
-- AUTO_INCREMENT for table `writter`
--
ALTER TABLE `writter`
  MODIFY `id` int(11) NOT NULL AUTO_INCREMENT, AUTO_INCREMENT=14;
COMMIT;

/*!40101 SET CHARACTER_SET_CLIENT=@OLD_CHARACTER_SET_CLIENT */;
/*!40101 SET CHARACTER_SET_RESULTS=@OLD_CHARACTER_SET_RESULTS */;
/*!40101 SET COLLATION_CONNECTION=@OLD_COLLATION_CONNECTION */;
